{"classNames": ["\u3131", "\u3134", "\u3137", "\u3139", "\u3141", "\u3142", "\u3145", "\u3147", "\u3148", "\u314a", "\u314b", "\u314c", "\u314d", "\u314e", "\u3132", "\u3138", "\u3143", "\u3146", "\u3149", "\u314f", "\u3150", "\u3151", "\u3152", "\u3153", "\u3154", "\u3155", "\u3156", "\u3157", "\u3158", "\u3159", "\u315a", "\u315b", "\u315c", "\u315d", "\u315e", "\u315f", "\u3160", "\u3161", "\u3162", "\u3163"], "distanceThreshold": 3.2243831157684326, "centroidDim": 64, "centroidsFlat": [0.5063008666038513, 0.0, 0.00016748403140809387, 0.6883364915847778, 0.37265968322753906, 0.0, 0.24673724174499512, 0.0005548713379539549, 0.7273862361907959, 0.10228251665830612, 0.3546076714992523, 0.004775578621774912, 0.3884405195713043, 0.16675469279289246, 0.18953250348567963, 0.2052401602268219, 0.0683974027633667, 0.06013914942741394, 0.00012575309665407985, 0.00034556721220724285, 0.033469073474407196, 0.10246899724006653, 0.001195233315229416, 0.407029926776886, 0.0, 0.33821848034858704, 0.9147621393203735, 0.00041111663449555635, 0.7953716516494751, 0.1363234668970108, 0.08217444270849228, 0.007359370123594999, 0.663764476776123, 0.023604001849889755, 0.562636137008667, 0.01981283724308014, 4.3485622882144526e-05, 0.04682692885398865, 0.0, 0.0, 0.0002944560837931931, 0.0, 0.012614005245268345, 3.499073864077218e-05, 0.09560629725456238, 0.07660624384880066, 0.4873039126396179, 0.5092813968658447, 1.0442602634429932, 0.1907595545053482, 0.9531641602516174, 0.03197963535785675, 0.3447602391242981, 0.5667601823806763, 0.46956586837768555, 0.00021442529396153986, 0.00010759753058664501, 0.10258074849843979, 0.002153080655261874, 0.42255279421806335, 0.16542941331863403, 0.46699368953704834, 0.00018824059225153178, 0.039958465844392776, 0.5089044570922852, 0.18176211416721344, 0.0565994530916214, 0.12257909774780273, 0.0263801421970129, 0.07089832425117493, 0.009497242048382759, 0.8549405932426453, 0.0011318749748170376, 0.0002073336800094694, 0.00019304337911307812, 0.4731188416481018, 1.4653413927590009e-05, 0.002822882030159235, 0.006106633227318525, 0.269508957862854, 0.5125138163566589, 0.01403200812637806, 0.014560707844793797, 0.007216663099825382, 0.4287716746330261, 0.34913578629493713, 0.15209460258483887, 0.01988179050385952, 0.6122530102729797, 0.10806833207607269, 0.06911122798919678, 0.0009762211120687425, 0.35937967896461487, 0.0028240664396435022, 0.09818260371685028, 0.0008707369561307132, 0.43063846230506897, 0.02196301519870758, 0.5726669430732727, 0.7273734211921692, 0.11087797582149506, 0.095547154545784, 1.0240464210510254, 0.36963388323783875, 0.7435072660446167, 0.7053566575050354, 0.32433003187179565, 0.6224523782730103, 0.06861361116170883, 7.559416644653538e-06, 0.022949401289224625, 0.0, 0.08987532556056976, 0.17189861834049225, 0.35548675060272217, 0.0018036833498626947, 0.5703487396240234, 0.1485816091299057, 0.04350315034389496, 0.977016031742096, 0.0016746724722906947, 0.09025206416845322, 1.1107866764068604, 0.2001405656337738, 0.0002559466229286045, 0.5246488451957703, 0.06712929159402847, 0.04123697429895401, 0.421109676361084, 0.24802953004837036, 0.028798820450901985, 0.05249254032969475, 0.08800013363361359, 0.1569070965051651, 0.12959636747837067, 0.38038772344589233, 0.016179915517568588, 0.004917995538562536, 0.007149087730795145, 0.5202409029006958, 0.0, 0.021979399025440216, 0.2326728105545044, 0.20389136672019958, 0.4753864109516144, 0.2278941571712494, 0.10702081024646759, 0.05876582860946655, 0.15927845239639282, 0.42989954352378845, 0.18667960166931152, 0.44776245951652527, 0.2362692654132843, 0.10920239239931107, 0.046164046972990036, 0.058247797191143036, 0.2736522853374481, 0.08338172733783722, 0.37323087453842163, 0.0016552378656342626, 0.10084368288516998, 0.0010507004335522652, 0.851581335067749, 0.912998378276825, 0.021404044702649117, 0.07158949971199036, 0.4147281050682068, 0.04702714830636978, 0.4478982090950012, 0.606589674949646, 0.8097246289253235, 0.39712026715278625, 0.16496044397354126, 0.005712274461984634, 0.08645495772361755, 0.0024381293915212154, 0.11862687021493912, 0.7183185815811157, 0.7136240601539612, 0.2921363115310669, 0.3415190279483795, 0.030569536611437798, 0.3893881142139435, 0.524300217628479, 0.010026686824858189, 0.024621158838272095, 0.6541872024536133, 0.8544591069221497, 0.08444651961326599, 0.5019846558570862, 0.03772744908928871, 0.01491602137684822, 0.2858595550060272, 0.2454042136669159, 0.0073381103575229645, 0.02569078840315342, 0.12685471773147583, 0.06873327493667603, 0.1278221160173416, 0.31325143575668335, 0.0017738502938300371, 2.9903119866503403e-05, 0.03753846138715744, 0.5739017128944397, 0.00032279526931233704, 0.0025147998239845037, 0.20792677998542786, 0.045377325266599655, 0.6348167657852173, 0.3683415949344635, 0.15687255561351776, 0.14309857785701752, 0.22571201622486115, 0.49215760827064514, 0.15316468477249146, 0.5160425901412964, 0.15894442796707153, 0.07147330790758133, 0.08008728921413422, 0.10861343145370483, 0.37635537981987, 0.09193433076143265, 0.38350242376327515, 0.00010153528273804113, 0.16104616224765778, 0.021396340802311897, 0.9824026823043823, 0.82624751329422, 0.0010719093261286616, 0.0999118983745575, 0.37617215514183044, 0.0020978953689336777, 0.32332998514175415, 0.4267376661300659, 0.9453098773956299, 0.39742040634155273, 0.2221314162015915, 0.0, 0.029155466705560684, 0.0023438946809619665, 0.12137600779533386, 0.9052517414093018, 0.8365655541419983, 0.3294438421726227, 0.39931777119636536, 0.023190680891275406, 0.45993897318840027, 0.33864733576774597, 0.010451843030750751, 0.05763060599565506, 0.5840283632278442, 1.030295491218567, 0.20253035426139832, 0.5185006856918335, 0.024527449160814285, 0.06459449976682663, 0.36255043745040894, 0.7609855532646179, 0.06922522187232971, 0.6180334687232971, 0.2925531268119812, 0.22206434607505798, 0.0, 0.15618553757667542, 0.0, 0.0, 0.388253778219223, 0.7374181747436523, 0.0, 0.23255673050880432, 0.04709648713469505, 0.0013310298090800643, 0.14397214353084564, 0.0, 0.00025954170268960297, 0.0, 0.7172948718070984, 0.7267473936080933, 0.12882332503795624, 0.0, 0.7729938626289368, 0.22966597974300385, 0.02263927459716797, 0.0, 0.5400943160057068, 0.0, 0.0, 0.00013393275730777532, 0.2221689522266388, 0.005316510330885649, 0.12990917265415192, 0.9828811883926392, 0.0006990299443714321, 0.32579144835472107, 1.7730332612991333, 0.8172851204872131, 0.9055091738700867, 1.0861382484436035, 0.3565824031829834, 0.8082028031349182, 0.35136568546295166, 0.0, 0.0, 0.0, 0.3964322805404663, 0.8025785684585571, 0.4057948887348175, 0.0, 1.2524604797363281, 0.006709848530590534, 0.5972326993942261, 0.08177690207958221, 2.759913695626892e-05, 0.001016409252770245, 1.2132766246795654, 0.0, 0.0, 0.7413497567176819, 1.1973069906234741, 0.014438393525779247, 0.15316428244113922, 0.4812569320201874, 0.009648015722632408, 0.6315770745277405, 0.2643524408340454, 0.03157569095492363, 0.0035431948490440845, 0.3028624653816223, 0.0009112311527132988, 0.0001944593241205439, 0.19186316430568695, 0.892099916934967, 0.0, 0.1030908077955246, 0.06796776503324509, 0.025729665532708168, 0.15680159628391266, 0.04418843239545822, 0.0011646475177258253, 0.0, 0.5533552765846252, 0.6822661757469177, 0.2065831869840622, 0.001064396114088595, 0.6239293217658997, 0.3326781392097473, 0.05286283791065216, 0.0, 0.8423902988433838, 0.0021475828252732754, 0.0021045843604952097, 0.08644372969865799, 0.2801726460456848, 0.21163766086101532, 0.16505391895771027, 1.0638494491577148, 0.026049431413412094, 0.6159668564796448, 1.8576264381408691, 0.8051750063896179, 0.7198973298072815, 1.1432429552078247, 0.04171932861208916, 0.46534401178359985, 0.5945861339569092, 1.7364262021146715e-05, 0.0031431391835212708, 0.012910334393382072, 0.34191933274269104, 0.5044605135917664, 0.5014232397079468, 4.8164574764086865e-06, 1.0803316831588745, 0.083213672041893, 0.7338575720787048, 0.21013423800468445, 0.004840038251131773, 0.022755587473511696, 