{"classNames": ["곧다", "공기", "꽃", "꿈", "나무", "내게", "노래", "맑다", "사랑", "새", "세상", "신나다", "온통", "좋다", "희망"], "distanceThreshold": 2.4930267333984375, "centroidDim": 64, "centroidsFlat": [3.224368095397949, 0.0, 0.018242737278342247, 1.6597589254379272, 0.0003358529065735638, 0.0, 2.6587681770324707, 0.0, 0.0011407654965296388, 3.1654281616210938, 0.004989995621144772, 0.013953850604593754, 4.186262130737305, 0.2144041359424591, 1.040217399597168, 0.0, 0.027714744210243225, 0.43540120124816895, 0.0, 2.833026885986328, 0.0, 0.0, 2.3263156414031982, 0.49487876892089844, 0.00441715819761157, 0.00016747253539506346, 0.2729358971118927, 0.0, 0.0, 0.0387134924530983, 0.0, 4.64808464050293, 0.6070520877838135, 0.0, 2.133363962173462, 0.0, 3.813656806945801, 5.951048374176025, 3.533728886395693e-05, 0.13913220167160034, 0.0, 0.0, 1.891783356666565, 5.7050886154174805, 0.0, 0.5248830914497375, 1.1616661548614502, 0.132406547665596, 0.0, 0.0, 4.5672125816345215, 1.8088229894638062, 0.0, 0.0, 9.032040543388575e-05, 1.754173755645752, 0.0, 1.4233852624893188, 2.8744378089904785, 0.001059768837876618, 0.0, 3.018303632736206, 0.0, 0.0007416040170937777, 0.0, 5.402290344238281, 0.0, 0.008281214162707329, 0.00042355971527285874, 2.5707466193125583e-05, 0.0, 4.292458534240723, 0.6190006136894226, 0.010774863883852959, 1.2290607690811157, 0.14580175280570984, 2.2675161744700745e-05, 1.0553292036056519, 0.016547327861189842, 0.045084789395332336, 1.7647066116333008, 0.0, 0.027188753709197044, 0.0009193223668262362, 2.095921754837036, 1.4567573070526123, 0.007180162705481052, 0.0, 3.479308843612671, 0.013838116079568863, 2.2501907348632812, 3.1142466068267822, 2.947932481765747, 0.12957264482975006, 0.0009648408740758896, 0.0, 0.00018687592819333076, 0.0008046438451856375, 0.007291232235729694, 1.7249433994293213, 0.0, 0.0, 5.738414256484248e-05, 0.0010762630263343453, 0.0020568985491991043, 3.9095826148986816, 0.0, 0.019645143300294876, 5.666645526885986, 0.10472336411476135, 6.0056470829294994e-05, 0.10148207098245621, 0.09233564883470535, 0.08280450850725174, 0.0, 0.4450010061264038, 0.0, 4.1817193031311035, 0.0011414772598072886, 3.0500271320343018, 4.036160945892334, 0.0002765723329503089, 0.0, 0.05092480778694153, 0.46965107321739197, 0.0002808718418236822, 0.6072835922241211, 0.001977500505745411, 8.248721132986248e-05, 0.02703365869820118, 1.7752889394760132, 0.0, 0.008763904683291912, 0.008520756848156452, 0.0, 0.00011861106031574309, 0.0, 1.8504106998443604, 0.0, 1.496486783027649, 0.0, 0.42574161291122437, 0.02657618559896946, 0.002279250882565975, 0.0, 0.00016933305596467108, 0.4093066453933716, 0.016249844804406166, 0.0, 2.0657193660736084, 0.0, 0.06942404061555862, 0.12513217329978943, 1.8855904272641055e-05, 0.1902097761631012, 0.002105945721268654, 0.04253321513533592, 0.00024031316570471972, 5.276257514953613, 0.0, 1.6675891876220703, 5.816133499145508, 1.6386386156082153, 2.3197453022003174, 0.4408243000507355, 0.0, 0.0, 0.0, 0.42397040128707886, 0.00021106206986587495, 0.06645198166370392, 0.0, 0.0, 0.8283787965774536, 3.652440309524536, 0.0, 2.93601655960083, 2.066293478012085, 2.782522439956665, 0.33852681517601013, 1.9300618171691895, 0.011612124741077423, 5.1507182121276855, 0.019411779940128326, 0.00029924564296379685, 4.401447772979736, 0.0, 0.0, 0.000164243538165465, 0.0018500355072319508, 3.2491769790649414, 0.0, 4.106602668762207, 0.5976557731628418, 5.037112712860107, 1.220214605331421, 0.01225961558520794, 3.2559549808502197, 6.0025715827941895, 2.3817272186279297, 0.00029610435012727976, 0.0, 0.0, 0.16260167956352234, 0.0, 0.000211507678613998, 0.7418199181556702, 0.4301080107688904, 0.683215320110321, 0.0, 1.6394144296646118, 3.232341766357422, 0.0, 0.062022410333156586, 0.0, 3.076063632965088, 0.0, 0.0, 0.0, 3.4301949199289083e-05, 0.0, 0.0, 4.014070327684749e-06, 1.4393627643585205, 0.00021624100918415934, 0.0, 0.0, 0.0, 0.003413567552343011, 1.2645126581192017, 0.000840726017486304, 0.003751165932044387, 0.00038040883373469114, 1.5629364252090454, 0.00042763736564666033, 0.0, 0.0005213774275034666, 1.1316747665405273, 0.011691980995237827, 0.2861008644104004, 0.0, 0.5373479723930359, 4.510687828063965, 0.0, 0.0, 0.23233026266098022, 1.006155014038086, 0.012440946884453297, 0.0, 0.004316688049584627, 0.003489899216219783, 3.4106438159942627, 6.965517968637869e-06, 0.010873150080442429, 4.461248397827148, 0.6717855334281921, 0.002703119534999132, 2.2883472442626953, 4.910536766052246, 0.0, 2.4274423122406006, 0.0, 4.223994255065918, 0.0, 4.193137168884277, 0.004830802325159311, 0.0, 0.0, 0.0, 4.293005466461182, 2.0342049598693848, 2.322035074234009, 0.0, 0.6759302020072937, 0.0, 0.00016580901865381747, 4.070220470428467, 0.0017794148297980428, 1.8826442956924438, 4.525099277496338, 0.0, 0.6913647055625916, 0.0, 0.0009041293524205685, 1.0907448530197144, 0.0, 0.9448187351226807, 0.0, 0.6445549130439758, 0.0, 0.0, 0.0, 2.6098053455352783, 0.5360045433044434, 0.0, 0.0, 0.0, 0.00012918142601847649, 2.7930779457092285, 0.0, 1.8848573745344765e-05, 0.0, 0.11982546746730804, 0.0, 0.0, 0.0, 3.371487036929466e-05, 0.0, 4.373225212097168, 0.00013218320964369923, 3.385434150695801, 0.011350813321769238, 1.9220536947250366, 1.3476310968399048, 0.0001278080599149689, 0.40347591042518616, 3.014082193374634, 0.0, 0.0, 0.0003727253060787916, 1.011879801750183, 0.21139360964298248, 0.0, 0.9801742434501648, 0.07098230719566345, 0.00048023014096543193, 1.440901279449463, 1.3528345823287964, 0.4648270010948181, 0.0, 5.419985771179199, 0.7361043095588684, 0.31897860765457153, 0.00019417480507399887, 0.0, 0.0017878258368000388, 0.16016434133052826, 3.22566819190979, 0.19651928544044495, 0.0, 0.0007924275123514235, 0.0009559488971717656, 0.0845552384853363, 0.0, 1.3134371042251587, 0.003619441296905279, 2.2585530281066895, 0.6933181881904602, 0.0004055855970364064, 0.0, 0.0, 0.6334238648414612, 0.27016374468803406, 0.0001564076083013788, 0.0006577572203241289, 0.00038652998046018183, 0.003488280111923814, 6.6436052322387695, 0.01900307834148407, 4.4834065437316895, 0.7553983330726624, 4.900521755218506, 0.0, 3.166897773742676, 0.012597059831023216, 0.0, 0.5910418629646301, 0.0, 4.34102725982666, 0.0022825507912784815, 0.0, 2.4336273670196533, 0.7697036266326904, 0.0, 0.0, 0.0002968554908875376, 0.11935588717460632, 0.24623392522335052, 4.819222927093506, 0.0, 1.1637589931488037, 0.0, 0.0, 2.8311662673950195, 0.0, 0.0, 2.1757302284240723, 0.012447193264961243, 0.0004141585377510637, 2.3792643547058105, 2.684171438217163, 0.0, 0.061297718435525894, 0.0, 0.0, 0.0, 5.966582102701068e-05, 0.00010133533214684576, 0.0, 0.8206225037574768, 1.859389305114746, 3.4475600719451904, 0.0015092156827449799, 0.0, 0.0, 0.0, 1.761888233886566e-05, 0.0, 0.0, 0.0, 3.8521904945373535, 0.0, 0.0, 0.0, 2.977185010910034, 0.0013594755437225103, 1.8566731214523315, 0.0, 1.0008162462327164e-05, 0.0, 0.0053901937790215015, 0.014035585336387157, 0.012207848951220512, 1.2790144681930542, 0.0011150925420224667, 0.971480667591095, 0.1571129858493805, 0.315426766872406, 0.0, 2.0420074462890625, 0.0, 3.7060353755950928, 0.7723289132118225, 0.0, 1.4858894348144531, 2.8451344966888428, 0.9329020380973816, 0.8833173513412476, 4.319587707519531, 0.3224257230758667, 0.7191899418830872, 1.3655446767807007, 3.989288806915283, 2.5215301513671875, 0.0, 5.1149163246154785, 0.0, 0.0, 0.11630219221115112, 0.0040650139562785625, 0.0, 2.57641863822937, 0.0, 1.381725788116455, 7.602261757710949e-05, 0.08085877448320389, 0.0, 2.7123351097106934, 0.004366717301309109, 6.141075611114502, 2.424121379852295, 0.0, 0.19452495872974396, 0.0, 0.8591955304145813, 0.11005344241857529, 3.741492509841919, 0.005855361465364695, 0.002233900362625718, 0.0, 0.0002446652215439826, 0.0, 3.29587984085083, 2.476947784423828, 3.9345695972442627, 2.386443520663306e-05, 3.263150453567505, 2.4785966873168945, 0.0, 0.010488585568964481, 0.0, 4.041191101074219, 3.749741315841675, 0.0, 0.01004553958773613, 0.009161597117781639, 